id,user,date,timestamp,commentText,likes,hasReplies,numberOfReplies,replies.id,replies.user,replies.date,replies.timestamp,replies.commentText,replies.likes
Ugx3mmclOJFkC-PzBUp4AaABAg,Leeanna Hanson,4 months ago,1528058901082,I love this song and hope she win it all gl girl,0,false,0,,,,,,
UgwRorHR6sKDWNpaJJN4AaABAg,Sandy Brown,5 months ago,1525380501088,I love #SpenshaBaker and she sings Country music beautifully.  She doesn't need to have more twang.  Country music has been evolving throughout the years.  She'll make a perfect addition to the ever changing genre.,0,false,0,,,,,,
Ugy1OhYEZwZxyXnwzAR4AaABAg,boodah poodah,5 months ago,1525380501093,"a lot of comments about her singing Carrie song,is it because she's black,alot of whites use African Americans songs,we don't trip,this woman sounds beautiful and she can sings whatever she wants,her voice puts soul in country music,alot of white artists have this same voice,but just because she's black don't judge her,",0,false,0,,,,,,
Ugy6WseflthWxcxw_n14AaABAg,Judy Ann,5 months ago,1525380501096,üìº‚úåüé§üé∂üéµüéº‚ù§üëç‚ò∫,0,false,0,,,,,,
UgwyhGgzvYy3yzJl5Jp4AaABAg,Crady Smith,5 months ago,1525380501100,Spensha has an amazing voice!,0,false,0,,,,,,
UgzNfe01MgMvJJ5YokF4AaABAg,Khatarina,5 months ago,1525380501104,Can anyone tell me why she always wear the same style of clothes? (floral and flowy),0,false,0,,,,,,
UgwAkY4aO28cg4snhH54AaABAg,Rebeca Robins,5 months ago,1525380501108,She sung 2 songs for the playoffs?,0,false,0,,,,,,
UgzK0Iuu6RxNbGWydd94AaABAg,Lucas D'Elion,5 months ago,1525380501111,"bad song choice, she still rocks it though",0,false,0,,,,,,
UgwiN1MA2AEmhqGtA6F4AaABAg,Lalchampuii Hnamte,5 months ago,1525380501115,bored,0,false,0,,,,,,
UgwjqA3Lzb8mzHCnS4x4AaABAg,The Voice,5 months ago,1525380501119,Coach Blake didn‚Äôt want a break from Spensha. She played her way to the Top 12.,5,false,0,,,,,,
UgypriH5CcDmQAZtxgN4AaABAg,Geo Faour,5 months ago,1525380501123,she's good .. need better songs and she will be perfect,0,false,0,,,,,,
UgzOvkn66Bjm-uwfKXR4AaABAg,Daryl Dixon,5 months ago,1525380501126,"This girl needs to sing What Hurts The Most, and to avenge Keisha",0,false,0,,,,,,
UgwQs9DugOjakNfJAyp4AaABAg,malinda y,5 months ago,1525380501130,"I see a bunch of people blaming the song choice and that just makes me laugh. It's not a bad song choice , it's just a bad singer. She's not a country singer. She will be the first to go and I will be so happy. Blake's biggest mistake was to save her over Wilkes",0,false,0,,,,,,
UgyDE2rEKF5swEYTQDd4AaABAg,jillian balcazar,5 months ago,1525380501133,"Really, Blake thinks Spensha performance last night was better Then WILKES Or Gary??? I'm sorry But I honestly do think Blake should of pick WILKES Or Gary Instead of Her I don't think She Is even That good. Because, It seems like all Her performances always sounds the same!!! üëéüëéüëéüëé",0,false,0,,,,,,
Ugx1ukhbef44Jg39NAp4AaABAg,Brandon Cook,5 months ago,1525380501137,This girl is really talented! ‚ò∫‚ò∫‚ò∫,0,false,0,,,,,,
UgxSU68i4xJtrKVYWVB4AaABAg,Xp Light,5 months ago,1525380501141,"go girl, so proud of u",0,false,0,,,,,,
UgyCBiYd7N4q9QfF1SV4AaABAg,James,5 months ago,1525380501144,PICK ICONIC POPULAR SONGS PLEASE,0,false,0,,,,,,
UgzBdH5Exda8Hg27tuZ4AaABAg,Jiraiya Sannin,5 months ago,1525380501148,She is so slept on,1,false,0,,,,,,
Ugw1q4gmNeTwOlIm1nJ4AaABAg,Soushan Letsoin,5 months ago,1525380501152,She is awesome..,2,false,0,,,,,,
UgzEkWllfEllCqoM19h4AaABAg,ydolemgnikam,5 months ago,1525380501156,"Is it just me, or was she really pitchy in places? Especially the beginning and the ending... :(",1,false,0,,,,,,
Ugx4uZDlmExvCBMvH614AaABAg,Walter Jordan,5 months ago,1525380501903,"Why is everyone complaining about the artist remaining. Social media selected them, deal with it. I honestly feel that the majority of the fans complaining didn‚Äôt vote at all, and want to Voice (no pun intended) their opinion. Suck it up deal with and stop degrading the artist that were talented enough to continue on. Rejoice in their victory and watch your outlook of the show become positive. It takes very little to support these artist as oppose to tearing them down. Also let me let you all in on a little secret, I‚Äôm willing to bet my paycheck that the coaches know what they are doing with their artist saves. I think all the artist did awesome !!",1,false,0,,,,,,
UgxQJBK7gPHkyLI19lV4AaABAg,PhantomBolt,5 months ago,1525380501905,Blake put her through over WILKES? She's ok but so forgettable wtf.,2,true,1,,,,,,
,,,,,,,,UgxQJBK7gPHkyLI19lV4AaABAg.8fCdZ_2YGJQ8fDnQxS0BmK,MrSpeedo804,5 months ago,1525380502233,"Wilkes is also Forgettable. He would be gone next week anyway. The crime here was Pryor getting the most Twitter votes. That guy is so loud and annoying and he forgot most of the words on ""9 to 5"" If not for Pryor, maybe Wilkes and Spensha would have gone thru.",0
Ugy2ZVMZnbb7vfSzS2d4AaABAg,Daryl Dixon,5 months ago,1525380501909,"I knew Spensha would get saved, but I don't like the hate she is getting. PEOPLE, BLAME THE VOICE FOR GIVING PRYOR THE 2ND SPOT, WILKES WAS SUPPOSED TO MAKE IT, BLAME THE PRODUCERS.",5,false,0,,,,,,
UgwLQoXQjj6sUvUuhCN4AaABAg,Melissa Lykins,5 months ago,1525380501912,"I'm no fan of country music, but that was a great performance.",0,false,0,,,,,,
UgxKjUXL9z7I1vPgRsh4AaABAg,dmfuerte,5 months ago,1525380501914,"Love Spensha, but thought Wilkes should have gone thru based on the performances. Hopefully Blake can coach her up. She's talented, but she doesn't come off ready for the spotlight. Has to learn to trust what she can do, and start to command attention.",1,false,0,,,,,,
UgxJT1CI3YpwNgDqKHx4AaABAg,Hello Hello,5 months ago,1525380501916,I really want her to be better than she is :(,2,false,0,,,,,,
UgwqmFDP-cXv6NpH6Fh4AaABAg,Valerie Magallanez,5 months ago,1525380501918,She did not sound good with this song.,0,false,0,,,,,,
Ugzkw3_jy8YemPLR7B14AaABAg,TheSpringishere,5 months ago,1525380501921,I am happy she made it.,1,false,0,,,,,,
UgxfX1BswVcSPkMmDmR4AaABAg,Nikki Whaley,5 months ago,1525380501923,She did great! And I need her outfit. Anyone know where to get it??!!,0,false,0,,,,,,
Ugwnkzm9ngjJd6pKXT54AaABAg,Tarun Jha,5 months ago,1525380501926,Not the best song choice!!,2,false,0,,,,,,
UgyRvsO__4rZFQYotmd4AaABAg,Ciclopea2,5 months ago,1525380501928,"They need to choose better songs that showcase their voices and they actually like and enjoy singing, it's not all about the freakin coaches, it's actual dreams of earning a place in the music industry.",17,false,0,,,,,,
UgwvmOFFzltQWVLlFkV4AaABAg,Shonta Taylor,5 months ago,1525380501930,I hate all her song choices,0,false,0,,,,,,
Ugz7-fkyqLImp2KxMAF4AaABAg,Dylan Sousa,5 months ago,1525380501933,Spensha is a great singer,1,false,0,,,,,,
UgzcGnhVTxXOzsvKQyV4AaABAg,Alannah,5 months ago,1525380501935,"Spensha my girl, what is you doing???",0,false,0,,,,,,
UgzRDKTY6xnhFdkSrJZ4AaABAg,Eric Bank,5 months ago,1525380501938,"Courageous choice and attempt, but this missed the mark. Way out of her wheelhouse!!!",0,false,0,,,,,,
UgwMvSWNMtSW_u9hD6B4AaABAg,Francis B,5 months ago,1525380501940,"I think she would've had a totally different(better) experience if she had a different genre choice. Plus I feel Blake wasn't aware of the fact that her voice would be so hard to try to fit into the country genre. She should be RnB, Pop..anything other than country. Its a NO",1,true,1,,,,,,
,,,,,,,,UgwMvSWNMtSW_u9hD6B4AaABAg.8fBZBzbAac38fDWjG4C3cB,Christie B,5 months ago,1525380502238,Eboni Kurls she sounds more country singing non country,0
UgwvIEuJou6EnSbooq94AaABAg,bella roja,5 months ago,1525380501943,"Literally worst song choices of any Voice season - WTHeck.  Spensha doesn't have an ounce of country in her and whomever thought they could pass her off as country obviously thinks the audience, who are loyal and hard core music fans, are idiots. Luv to hear Spensha on songs she actually knows and believes.",3,false,0,,,,,,
UgwFOfJ_Y1xgyaBvhah4AaABAg,Stephanie Graham,5 months ago,1525380501945,"I think she would do better with songs that are not as straining on her voice. She would do great with Miranda Lambert songs or maybe even Joni Mitchell, Sara Evans, Sugarland.  But I don't think Blake will go down the Miranda road with Spensha and it could cost her",0,false,0,,,,,,
Ugw6y6-feVzF6hhaqt54AaABAg,VioletEyes,5 months ago,1525380501948,gawd I love that dress ! go girl,0,false,0,,,,,,
Ugzy5kP33_q-PS8iAGN4AaABAg,Josh Posh,5 months ago,1525380501956,OKAY!!! 1:16 tho!!! Love those runs the bounce back and forth!,0,false,0,,,,,,
UgwOV_Wf9Tt2Sz20_ep4AaABAg,Ashika Mcalphin,5 months ago,1525380502886,Next!,0,false,0,,,,,,
UgwjqkUOeayEKdppk4d4AaABAg,Jonathan Silva,5 months ago,1525380502888,Why team blake and alicia are performing twice on stage??,0,false,0,,,,,,
UgwxjZDkKrsSytrhIH54AaABAg,Humble Pie,5 months ago,1525380502891,"I like her, but she just goes through the motions, singing the words, but doesn't really feel them.  Country is about storytelling and bringing people in.  She doesn't believe and therefore falls short.  Regardless, I hope she gets through.",0,false,0,,,,,,
UgxDYFNr9WD2sNOiWmh4AaABAg,MadGAME,5 months ago,1525380502893,Huge fan of hers. She is what country needs. She would be huge,0,false,0,,,,,,
UgxJNqK3e7lAgs-3McR4AaABAg,eric li,5 months ago,1525380502896,does anyone know how come this year's live play offs the singers have to sing twice.....both monday and tuesday?,0,true,2,,,,,,
,,,,,,,,UgxJNqK3e7lAgs-3McR4AaABAg.8fB2W_V5gOU8fEle3wBOs0,richard morabtio,5 months ago,1525380503225,eric li last season the coaches selected playoff winners. This season public selects 2 of the top 3,0
,,,,,,,,UgxJNqK3e7lAgs-3McR4AaABAg.8fB2W_V5gOU8fEo0BkTWp-,eric li,5 months ago,1525380503227,so thats why each contestant have to sing twice ?,0
Ugx_FaVO5pw1bStuVyp4AaABAg,yani meerck meerck,5 months ago,1525380502899,I need Kyla when hearing like this of performance! She was one of my fav in the beginning but the song choices and her voice becomes weak as the competition goes on.,1,false,0,,,,,,
Ugz-S1WE9krXy5BZfMx4AaABAg,Steven Le,5 months ago,1525380502901,"To literally everyone's credit though, I went to the taping tonight (having only seen battles live in the past), and the sound quality of everyone's voice is incredible in person, so keep that in mind!! Everyone was fantastic tonight! It was so nice to give you a solid wave before you performed, Spensha!",1,false,0,,,,,,
UgwdKvCoRB5xzEjSydt4AaABAg,Musicc 9,5 months ago,1525380502904,Blake needs to save herüòçüòçüòç,2,false,0,,,,,,
Ugwc3waUPU4Sf6c_Lzd4AaABAg,DJ CHILLS,5 months ago,1525380502906,So good!,0,false,0,,,,,,
UgxwH2RlVIv4unSpTW14AaABAg,no name,5 months ago,1525380502908,Brynn is much better artist,0,false,0,,,,,,
Ugw5BGLwJZaLdSQQqpd4AaABAg,Alroy Ndhlovu,5 months ago,1525380502911,"This one does the things. Spensa for me anyday. Character, voice, consistency and this mature beauty eiy, I'm in love with her.",1,false,0,,,,,,
UgxbGz4u8OxJG5opYLZ4AaABAg,Mat,5 months ago,1525380502913,"She's okay, but she could do ot better.",0,false,0,,,,,,
UgzHcwgdVyUhPi-_bg14AaABAg,Raven Mutai,5 months ago,1525380502916,love that outfit!!,0,false,0,,,,,,
Ugx5nsCqZqD-S0zFLP54AaABAg,Dee Ca.,5 months ago,1525380502918,Why do they always dress her like this? I never liked how the stylists in the voice pick one style and then force it on a person for the entire run. She's a good singer but something feels empty.,0,false,0,,,,,,
Ugz-ZFXGkeXR1N4ytcR4AaABAg,Granger Simmons,5 months ago,1525380502920,ive been a huge fan of Spensha since she was a little girl and putnout her gospel album. its weird seeing her here with  these  songs...i dont think the choices have been right but i still love her. shes an inspirational artists,1,true,3,,,,,,
,,,,,,,,Ugz-ZFXGkeXR1N4ytcR4AaABAg.8fAPzu5iC-d8fBRCGdIthR,Izan Ak,5 months ago,1525380503213,for me country is the closest genre to gospel. chosing this genre will allow her to show her talent and at the same time not to go far from her root which is gospel.,2
,,,,,,,,Ugz-ZFXGkeXR1N4ytcR4AaABAg.8fAPzu5iC-d8fBYcbaOUqz,Granger Simmons,5 months ago,1525380503215,"Izan Ak I feel you, but something aint right",0
,,,,,,,,Ugz-ZFXGkeXR1N4ytcR4AaABAg.8fAPzu5iC-d8fBYjECViV8,Granger Simmons,5 months ago,1525380503217,Izan Ak she just doesnt seem like shes at home with it and itnhasnt really showcased her vicals as well as they should be,0
Ugz1kVB8H71zYhZId0l4AaABAg,LOVER LINK,5 months ago,1525380502924,i thought this was chance's song lmao,0,false,0,,,,,,
Ugz9Dh5PeBvqiypOrRt4AaABAg,King AndMoreKing,5 months ago,1525380502926,Her range is limited at the top,0,false,0,,,,,,
Ugw3HmO9V4fy46g1B5J4AaABAg,TFord,5 months ago,1525380502929,"I want to be able to support the black contestants, but I can't stand country music lol.",0,false,0,,,,,,
UgyKaKDnPtKoBapV1lt4AaABAg,Sebasti√£o Santos,5 months ago,1525380502931,She is so underrated. Kyla and Spensha are my favorites from Team Blake,11,false,0,,,,,,
Ugzf6t4wiEH7N1NoUex4AaABAg,Tide Pods,5 months ago,1525380502933,The last thing I expect is Blake giving her a country song. But it did turn out well so I'm glad.,0,false,0,,,,,,
UgzoDpw8eO6K1WNNxQ94AaABAg,Laura Henry,5 months ago,1525380503799,Love her voice!!,1,false,0,,,,,,
Ugy3uUXwbRdVI1kp1qx4AaABAg,Az Truth,5 months ago,1525380503803,"Her mid-range is perfection, but her high chest voice, (not head voice), loses its warmth and resonance. Had she sung a half-step lower she'd have crushed it.",0,false,0,,,,,,
Ugz0eu4XPv0XIO6HH5B4AaABAg,Mr Pedit,5 months ago,1525380503807,DAYUM GIRL! No wonder she's Blake's golden girl,6,false,0,,,,,,
UgwZVadOZyuXkyvqIjN4AaABAg,vanilla50,5 months ago,1525380503810,Beautiful lady and voice.  Afraid all her years in gospel permanently locked her phrasing and timing to that genre and her country songs do not sound country.,1,false,0,,,,,,
Ugx1W9RWeMEWiQjhr0p4AaABAg,BillnYou1,5 months ago,1525380503814,"That was her best performance .. I love all of her songs but tonight was the first time she wasn't tentative and trying so hard that she wasn't relaxed enough to perform good... tonight she relaxed and sang and didn't try cramming too many runs into a song that doesn't need any , cause its already  demands a strong voice .. I hope people will see her potential cause she is growing as a performer right before our eyes .... wtg Spensha",2,false,0,,,,,,
Ugwo8hE9ynxMhcn__ON4AaABAg,Isaias Berdan,5 months ago,1525380503817,She needs a better song choice. This is quite good though.,5,false,0,,,,,,
UgwlM3kE4fb8XQHQoVp4AaABAg,Nawang Lam,5 months ago,1525380503821,wow amazing,1,false,0,,,,,,
UgzttWcSjpANplpZZ_l4AaABAg,Tim Inman,5 months ago,1525380503824,LOVED IT!!!!!! sung like she wants to wins and performed like she has the ability to do it.,4,false,0,,,,,,
UgwdMgyC8UL5Z9trPr14AaABAg,MrSpeedo804,5 months ago,1525380503827,Love Spensha but she won't make you forget about Carrie Underwood.,0,false,0,,,,,,
Ugy-k65TOJ0AYHvo7Jd4AaABAg,Jordon Winn,5 months ago,1525380503831,"tbh I always feel bad when people cover Carrie's songs....she sounded great(!!!), but she isn't Carrie.",1,false,0,,,,,,
UgzgbWUlRQs2tTeBmDR4AaABAg,Nina G,5 months ago,1525380503834,SHE IS SO HOT I CANT EVEN,0,false,0,,,,,,
UgzlAVAmROEb4wmz2RF4AaABAg,Kelly,5 months ago,1525380503838,Song like this who are sung by a perfect singer who can out sing everyone shouldnt be performed at shows like this cause its almost always dissapointing..üòî,11,false,0,,,,,,
UgyfBJKf4i0A9icRkwp4AaABAg,- Alexandria,5 months ago,1525380503842,"She has such a good voice, but it just doesn't sound quite right to me when she sings country songs.",103,true,10,,,,,,
,,,,,,,,UgyfBJKf4i0A9icRkwp4AaABAg.8f9zbl8iL-n8fA2aaCsU3w,What Alex,5 months ago,1525380504251,"- A I get what you mean, I kind of feel this with Gabby Barret from American idol",11
,,,,,,,,UgyfBJKf4i0A9icRkwp4AaABAg.8f9zbl8iL-n8fA9lGjugXQ,Mr Pedit,5 months ago,1525380504253,U said the same thing yesterday üòÇüòÇüòÇ,3
,,,,,,,,UgyfBJKf4i0A9icRkwp4AaABAg.8f9zbl8iL-n8fAUHRsjaxL,TheRogueMage,5 months ago,1525380504255,My issue with her is that she just has a good voice. I know so many women that sound like her. There isn't enough there.,4
,,,,,,,,UgyfBJKf4i0A9icRkwp4AaABAg.8f9zbl8iL-n8fAbkkgGTmO,Funky' Furballs,5 months ago,1525380504257,She's more Soul than twangy... you're used to twangy.,1
,,,,,,,,UgyfBJKf4i0A9icRkwp4AaABAg.8f9zbl8iL-n8fAeMkxmn2Y,Musicc 9,5 months ago,1525380504259,"- A 
She sounds  country enough ..",3
,,,,,,,,UgyfBJKf4i0A9icRkwp4AaABAg.8f9zbl8iL-n8fAh0QMkLRA,Mizuka Young,5 months ago,1525380504261,Musicc 9 Yeah I hear a lot of country in her voice and folk as well. She reminds me of Brennley because they both improve week after week and she also reminds me of another country singer Mickey Guyton. She should sing Why Baby Why or When You Say Nothing At All by Alison Krauss.,2
,,,,,,,,UgyfBJKf4i0A9icRkwp4AaABAg.8f9zbl8iL-n8fAhEI_cHVp,TheRogueMage,5 months ago,1525380504263,It isn't soul. She articulates her words well. Country has a little drawl (you call twang) in the lyrical expression that she doesn't have much of.,3
,,,,,,,,UgyfBJKf4i0A9icRkwp4AaABAg.8f9zbl8iL-n8fAhrCCnM5m,Musicc 9,5 months ago,1525380504264,"Mizuka Young 
Yeah i loved (for example) keisha last season, but she Just didn't sound country at all, but spensha does it the right way. There is a soulful Touch and it is  not too much . Spensha is amazing",2
,,,,,,,,UgyfBJKf4i0A9icRkwp4AaABAg.8f9zbl8iL-n8fAj0V88rgP,Mizuka Young,5 months ago,1525380504266,I loved Keisha as well but Spensha sounds much more country yeah. She is Blake's chosen girl and he's doing amazing with her. She just needs better songs but she did amazing with this song and made it her own. Even people say that Carrie doesn't have a twang and they call her a pop star which she calls herself country. She sounds nothing pop at all but more country/rock. Spensha may not win but she will go far like Keisha did to the top 8.,1
,,,,,,,,UgyfBJKf4i0A9icRkwp4AaABAg.8f9zbl8iL-n8fAjMCJFzhN,Musicc 9,5 months ago,1525380504269,"Mizuka Young 
With the right song choices.... I could see Spensha in the finale.",2
UgyifnR7gjo4qlWENRJ4AaABAg,rockpaperscissors82,5 months ago,1525380503848,"This was a poor song choice, unfortunately. I love Carrie Underwood, and I love ""Smoke Break"" in particular. But Carrie's got a one in a million voice. This is not the time, in front of a live audience and with tons of pressure, to sing a Carrie Underwood song. It's obvious that her nerves got to her. But I truly hope that she finds her way into Music Row in Nashville. She could make a fine country singer with the right tutelage and direction.",3,false,0,,,,,,
UgzgXD9pXwy_Pv89MPB4AaABAg,Joe Black,5 months ago,1525380503851,One of my favorites this season.  Hope she starts picking better songs soon.,2,false,0,,,,,,
UgwYOCIXG47fAWVqk2V4AaABAg,Latrice Love,5 months ago,1525380503854,She used to find so much better.,0,false,0,,,,,,
UgxE4_dVj-xU6N6-Fi94AaABAg,Alicia  Brice,5 months ago,1525380503859,"Someone please get these trolls they are annoying me badly if she did bad with her last performance and this one y are you still watching her videos if u dt like her smh because to me all ur doing is giving her more views so um ...  

Ps i think she should go back to gospel music because she has an amazing voice i dt know where u trolls get off saying she sounded bad try listening to her gospel album that she made when  she was younger than come back on here and say something bad about her  because you trolls can't even sing better than her",3,true,2,,,,,,
,,,,,,,,UgxE4_dVj-xU6N6-Fi94AaABAg.8f9xeS2TZ638fAf4UJ5-bX,roe mahoney,5 months ago,1525380504133,Alicia  Brice üôåüèæüëèüèΩüëèüèΩüëèüèΩüëèüèΩ,0
,,,,,,,,UgxE4_dVj-xU6N6-Fi94AaABAg.8f9xeS2TZ638fAfMd9IGRa,roe mahoney,5 months ago,1525380504135,gsts üôåüèæüôÑüëèüèΩüôÑ The Voice come downs to a block of hating ppl hating on who they don‚Äôt like which has nothing to do with music. Simply what they look like ü§∑üèΩ‚Äç‚ôÄÔ∏èüòè,0
UgxV1zt2bCldJrdwNbl4AaABAg,joel rabin,5 months ago,1525380503863,Frankly this is better than yesterday,4,false,0,,,,,,
Ugw040x8s5jr66oU3754AaABAg,Crystal Elk,5 months ago,1525380503866,Now this young lady could walk away with a WIN! üåüüåüüåüüåüüåü‚òÆüíñ‚òÅüòâüíïüé¨,4,false,0,,,,,,
UgxEqK-hb1VZlym2Yed4AaABAg,Jaydin World Wide,5 months ago,1525380503870,loved it,1,false,0,,,,,,
UgweJ8qeyXmIbnZM_h94AaABAg,madman,5 months ago,1525380504891,"This song does nothing to showcase someone's vocals, why do ppl keep picking it? I like Spensha, but this is gonna be tough",4,true,1,,,,,,
,,,,,,,,UgweJ8qeyXmIbnZM_h94AaABAg.8f9wXOgGy1v8fB_aKoHrcV,Brooklynn Miller,5 months ago,1525380505268,And actually does it requires great control breath support to support notes. Which is not easy the problem is that people try to do too much when simplicity is the greatest showcase you can have. Then adding coloring to it at parts is how you make a song full of heart with the use of dynamics. If she would have made the more staccato to establish the Melody and pitch she would have done great.,1
Ugw8VVQaatmOyRP08Vl4AaABAg,Joseph Abdelrahman,5 months ago,1525380504894,thought she killed it tbh,0,false,0,,,,,,
UgzomwlEyetJVPFt2DJ4AaABAg,guscruz2,5 months ago,1525380504897,She lost me doing the same hand movements as Carrie,1,true,1,,,,,,
,,,,,,,,UgzomwlEyetJVPFt2DJ4AaABAg.8f9vpFRJ4OC8fAf-hBvyu9,roe mahoney,5 months ago,1525380505294,guscruz2 üôÑüòè,0
UgzgLtUW8YWwjcalUdZ4AaABAg,Sharon Gerhard,5 months ago,1525380504901,The WORST shows ever!!!  Did The Voice get a new musical director???  HORRIBLE off key 90% of them.,0,true,1,,,,,,
,,,,,,,,UgzgLtUW8YWwjcalUdZ4AaABAg.8f9vkSkpaMQ8f9vunLeLU5,guscruz2,5 months ago,1525380505274,Sharon Gerhard the live shows always expose some of these singers,0
Ugw37gBVGDHtQUvVzdp4AaABAg,Brock Brady,5 months ago,1525380504905,Blake will put her through,19,true,3,,,,,,
,,,,,,,,Ugw37gBVGDHtQUvVzdp4AaABAg.8f9vckgNQ_L8fCsxQ06Ou3,Erica Joy,5 months ago,1525380505282,"Brock Brady I knew he would, but it was a silly move on his part.  Kyla is his front runner.  Clearly the whole ""black girl making her mark on country music"" thing didn't work with Keisha and she is far more talented than Spensha is.",0
,,,,,,,,Ugw37gBVGDHtQUvVzdp4AaABAg.8f9vckgNQ_L8fDWVIZfqFU,Christie B,5 months ago,1525380505284,"Erica Joy um does it matter that she's black? He likes her, he likes her. Period. He didn't have pressure to put a black person through.wtf",1
,,,,,,,,Ugw37gBVGDHtQUvVzdp4AaABAg.8f9vckgNQ_L8fFMomwUyYj,Erica Joy,5 months ago,1525380505285,"Christie B I hope you get through your issues.  Don't put words in my mouth.  K, thanks.",0
UgwaXRD30q7EXeUeJnx4AaABAg,cj wins,5 months ago,1525380504909,I liked it.,3,false,0,,,,,,
UgwM6FQRDuNJUGitPsp4AaABAg,Jos√© Augusto dos Santos,5 months ago,1525380504912,"GOSTEI, MUITO BOM !",0,false,0,,,,,,
UgwaYUtala2DrfVihKJ4AaABAg,Mizuka Young,5 months ago,1525380504915,Amazing job!,1,false,0,,,,,,
Ugz3gAPffx9BIhwqTeR4AaABAg,Jack and me popcorns,5 months ago,1525380504919,She's so original!,4,false,0,,,,,,
Ugz0sjpG7lQJ7bMPxlB4AaABAg,mary biggs,5 months ago,1525380504922,I really like her but hasn‚Äôt sang the right song yet,8,false,0,,,,,,
UgxTjUtZI1p2P3Kzlm14AaABAg,Volkner Phoenix,5 months ago,1525380504925,"I can't really feel her connection with the song, I feel like she's holding back something while singing it.",13,false,0,,,,,,
UgyvkUya7CKraCZlxHN4AaABAg,Asian Nick Compton,5 months ago,1525380504928,This was pretty boring.  The ending was pitchy.  Wasn't suspenshful at all.  Glad to see her go,2,false,0,,,,,,
UgyTS8kSUZ88SO3Iqg94AaABAg,robertantonnyc,5 months ago,1525380504931,She's got such great stage presence and a beautiful voice. I think Blake will save her.,10,false,0,,,,,,
UgydT1p3qni_8RjZYNh4AaABAg,fred cr,5 months ago,1525380504934,Shes so underrated,54,false,0,,,,,,
Ugzu3E96eyikkWZjWt54AaABAg,F Dem,5 months ago,1525380504937,"I like that she actually sounds country, but she needs to step it up a bit in order to make it to top 12",28,true,2,,,,,,
,,,,,,,,Ugzu3E96eyikkWZjWt54AaABAg.8f9sf7_n6ea8fTCW3Lj7iG,Alicia  Brice,5 months ago,1525380505261,F Dem she did make it to top 11,0
,,,,,,,,Ugzu3E96eyikkWZjWt54AaABAg.8f9sf7_n6ea8ffaMgkGA31,F Dem,5 months ago,1525380505263,Alicia  Brice she did step it up a bit üòâ,0
UgyL39TxtyYdWizXEr54AaABAg,Edison Yap,5 months ago,1525380504941,I like the quality of her voice - clear and rather powerful -  but it doesn't flow as well as I expected?,0,false,0,,,,,,
Ugz4S4t3sdu1xZUDpdV4AaABAg,Leela Yadav,5 months ago,1525380504944,Singing Carrie on these shows is a death sentence (a lot of the time)! I hope Blake saves her!,50,true,4,,,,,,
,,,,,,,,Ugz4S4t3sdu1xZUDpdV4AaABAg.8f9rjydV37o8fAE-6bbIuP,Pyro Jack,5 months ago,1525380505309,"season 12, 2 contestants singing Carrie's but both made it through, one of them even got herself in the finale, so i dont think its a death sentence at all.",5
,,,,,,,,Ugz4S4t3sdu1xZUDpdV4AaABAg.8f9rjydV37o8fB8sp54Q3x,cgill914,5 months ago,1525380505310,"Leela Yadav its a risk. If an artist chooses a Carrie song and doesn‚Äôt totally kill it, they‚Äôre pretty much done. But I think Spensha did really well with it. Good choice for her",2
,,,,,,,,Ugz4S4t3sdu1xZUDpdV4AaABAg.8f9rjydV37o8fB9QSkyNlx,Leela Yadav,5 months ago,1525380505312,"Yeah her PO run wasn't as bad as others, but it wasn't that memorable either (I'm blaming it on this wack format). She'll likely be Blake's save so we'll see what she's really up to next week",1
,,,,,,,,Ugz4S4t3sdu1xZUDpdV4AaABAg.8f9rjydV37o8gZolCkf7DH,Zunelander,4 months ago,1528058905314,Blake loves her!,0
Ugxl-v7VeRunEsTCrrZ4AaABAg,Ceej,5 months ago,1525380504948,Calling it: Blake will put her through.,10,false,0,,,,,,
UgyzbSmgoZoRU2y_jbp4AaABAg,Taylor-Dayne Davis,5 months ago,1525380504951,"Love her , hate the song",33,false,0,,,,,,
UgwSo6aXLSjp-ifWTG54AaABAg,LITMRomeo,5 months ago,1525380504954,She has a good voice but this is just kinda boring.,23,true,1,,,,,,
,,,,,,,,UgwSo6aXLSjp-ifWTG54AaABAg.8f9rE_cLpG_8fAJaiUMzx8,Xpress1825,5 months ago,1525380505290,LITMRomeo she keeps singing songs that are in a key that doesn‚Äôt showcase her voice,1
UgxAPRO3kfL9d2KGPaB4AaABAg,Ingrid Cardoso,5 months ago,1525380505880,She killed üíôüëèüëè‚ôÄ,0,false,0,,,,,,
UgzZRjtwDMnow_DGc294AaABAg,Kezen Sanchez,5 months ago,1525380505882,I love her voice! Its soooo smooth,29,false,0,,,,,,
UgyRj6rGRufK-F5AfGN4AaABAg,Blessing omowole,5 months ago,1525380505884,Americans are sleeping on her...She is awesome,80,true,4,,,,,,
,,,,,,,,UgyRj6rGRufK-F5AfGN4AaABAg.8f9qxg4_wo28fA9nshUMJa,Mr Pedit,5 months ago,1525380506245,Blessing omowole AGREED,0
,,,,,,,,UgyRj6rGRufK-F5AfGN4AaABAg.8f9qxg4_wo28fBZM72w-1B,Francis B,5 months ago,1525380506247,What does it have to do with us being Americans..That wasn't a smart comment. Its about her talent not what country she is from. She doesnt sound good,0
,,,,,,,,UgyRj6rGRufK-F5AfGN4AaABAg.8f9qxg4_wo28fDiftvBCe9,cdmaster1,5 months ago,1525380506248,This seasons winner right there! My pick from the start.,0
,,,,,,,,UgyRj6rGRufK-F5AfGN4AaABAg.8f9qxg4_wo28fRaARLgUCy,MyBloomingLife,5 months ago,1525380506250,Eboni Kurls Because Americans are voting for her..,0
UgwlHX2wcSlTznfFLIx4AaABAg,Ridge Blevins,5 months ago,1525380505887,I hate the fact that you can‚Äôt buy the full versions of these songs.,10,false,0,,,,,,
UgwyA0yX3sV2DGMWC8t4AaABAg,King Sass,5 months ago,1525380505889,Smoke break ? U tryna send urself home ?,9,false,0,,,,,,
Ugy6XHi6i_wY0MNuAKJ4AaABAg,Alexis M,5 months ago,1525380505891,I feel like her voice is almost too clean and she doesn‚Äôt relax enough to make the song seem comfortable. I want to like her so much but something just seems off,109,true,4,,,,,,
,,,,,,,,Ugy6XHi6i_wY0MNuAKJ4AaABAg.8f9qgqe9H7k8f9w0Ts2wOW,Tino Stephens,5 months ago,1525380506205,Alexis M she's like a robot need more passion,3
,,,,,,,,Ugy6XHi6i_wY0MNuAKJ4AaABAg.8f9qgqe9H7k8f9yfSmpTig,rockpaperscissors82,5 months ago,1525380506207,"This was her worst performance by far. I've been a big fan of hers, but she chose her song poorly. Carrie Underwood is about the most difficult singer to sing for anyone, much less for a newbie with tons of pressure on live television. Her nerves overwhelmed her, and that's why she will surely not advance. But I truly hope she gives Nashville a chance. We need her.",5
,,,,,,,,Ugy6XHi6i_wY0MNuAKJ4AaABAg.8f9qgqe9H7k8fB7d3TAV7y,deandra Johnson,5 months ago,1525380506209,Alexis M I totally disagree she is way more relaxed than when she just started off. She is easy to like I see her potential. She will definitely get there.,0
,,,,,,,,Ugy6XHi6i_wY0MNuAKJ4AaABAg.8f9qgqe9H7k8fBY9M65var,mary Lemons,5 months ago,1525380506211,I love her you can actually understand the words,0